
#DELETE FROM suturno_depto;
#DELETE FROM suturno_ciudad;

DELETE FROM suturno_turno;
DELETE FROM suturno_empleado_suturno_servicio;
DELETE FROM suturno_servicio;
DELETE FROM suturno_persona;
DELETE FROM suturno_empleado;
DELETE FROM suturno_puestotrabajo;


/*
INSERT INTO suturno_depto (id,nombre,codigo) VALUES 
(91,'Amazonas','1'),
(05,'Antioquia','2'),
(81,'Arauca','3'),
(08,'Atlántico','4'),
(13,'Bolívar','5'),
(15,'Boyacá','6'),
(17,'Caldas','7'),
(18,'Caquetá','8'),
(85,'Casanare','9'),
(19,'Cauca','10'),
(20,'Cesar','11'),
(27,'Chocó','12'),
(25,'Cundinamarca','13'),
(23,'Córdoba','14'),
(94,'Guainía','15'),
(95,'Guaviare','16'),
(41,'Huila','17'),
(44,'La Guajira''18'),
(47,'Magdalena','19'),
(50,'Meta','20'),
(52,'Nariño','21'),
(54,'Norte de Santader','22'),
(86,'Putumayo','23'),
(63,'Quindío','24'),
(66,'Risaralda','25'),
(88,'San Andrés','26'),
(68,'Santander','27'),
(70,'Sucre','28'),
(73,'Tolima','29'),
(76,'Valle del Cauca','30'),
(97,'Vaupés','31'),
(99,'Vichada','32');

INSERT INTO suturno_ciudad (id  , nombre , depto_id , latitud , longitud, codigo ) VALUES
(05002,'Abejorral','05','5.75','-75.4166667' , '1'),
(05004,'Abriaquí','05','6.6666667','-76.0833333' , '2'),
(50006,'Acacías','50','3.9166667','-73.8333333' , '3'),
(27006,'Acandí','27','8.3333333','-77.1666667' , '4'),
(41006,'Acevedo','41','1.75','-75.9166667' , '5'),
(13006,'Achí','13','8.25','-74.5' , '6'),
(41013,'Agrado','41','2.3333333','-75.75' , '7'),
(25001,'Agua de Dios','25','4.4166667','-74.6666667' , '8'),
(20011,'Aguachica','20','8.3333333','-73.5833333' , '9'),
(68013,'Aguada','68','6.25','-73.4666667' , '10'),
(17013,'Aguadas','17','5.6333333','-75.4166667' , '11'),
(85010,'Aguazul','85','5.1730556','-72.5547222' , '12'),
(20013,'Agustín Codazzi','20','9.9166667','-73.25' , '13'),
(41016,'Aipe','41','3.25','-75.3333333' , '14'),
(18029,'Albania','18','1.3316667','-75.8822222' , '15'),
(44035,'Albania','44','11.1597222','-72.5855556' , '16'),
(68020,'Albania','68','5.8333333','-73.75' , '17'),
(25019,'Albán','25','4.9166667','-74.45' , '18'),
(52019,'Albán (San José)','52','1.4744444','-77.0836111' , '19'),
(76020,'Alcalá','76','4.6666667','-75.75' , '20'),
(52022,'Aldana','52','0.9166667','-77.6833333' , '21'),
(05021,'Alejandria','05','6.3666667','-75.0833333' , '22'),
(47030,'Algarrobo','47','10.1869444','-74.5752778' , '23'),
(41020,'Algeciras','41','2.5833333','-75.25' , '24'),
(19022,'Almaguer','19','1.9166667','-76.8333333' , '25'),
(15022,'Almeida','15','4.9166667','-73.3333333' , '26'),
(73024,'Alpujarra','73','3.4166667','-74.9166667' , '27'),
(41026,'Altamira','41','2.1666667','-75.8333333' , '28'),
(27025,'Alto Baudó (Pie de Pato)','27','5.6666667','-77' , '29'),
(13030,'Altos del Rosario','13','8.7944444','-74.1658333' , '30'),
(73026,'Alvarado','73','4.5833333','-75' , '31'),
(05030,'Amagá','05','6.05','-75.7' , '32'),
(05031,'Amalfi','05','7','-74.9166667' , '33'),
(73030,'Ambalema','73','4.8333333','-74.8333333' , '34'),
(25035,'Anapoima','25','4.6166667','-74.55' , '35'),
(52036,'Ancuya','52','1.25','-77.5' , '36'),
(76036,'Andalucía','76','4.1741667','-76.1702778' , '37'),
(05034,'Andes','05','5.5833333','-75.9166667' , '38'),
(05036,'Angelópolis','05','6.1333333','-75.7' , '39'),
(05038,'Angostura','05','6.8666667','-75.3333333' , '40'),
(25040,'Anolaima','25','4.8333333','-74.5' , '41'),
(05040,'Anorí','05','7.1666667','-75.0833333' , '42'),
(17042,'Anserma','17','5.25','-75.75' , '43'),
(76041,'Ansermanuevo','76','4.7972222','-75.995' , '44'),
(73043,'Anzoátegui','73','4.6666667','-75.25' , '45'),
(05044,'Anzá','05','6.3333333','-75.9166667' , '46'),
(05045,'Apartadó','05','7.8855556','-76.6347222' , '47'),
(25599,'Apulo','25','4.5833333','-74.5833333' , '48'),
(66045,'Apía','66','5.1666667','-76' , '49'),
(15047,'Aquitania','15','5.5197222','-72.8875' , '50'),
(47053,'Aracataca','47','10.5833333','-74' , '51'),
(17050,'Aranzazu','17','5.3','-75.45' , '52'),
(68051,'Aratoca','68','6.8333333','-72.9666667' , '53'),
(81001,'Arauca',' 81','7.0902778','-70.7616667' , '54'),
(81065,'Arauquita','81','6.8219444','-71.3236111' , '55'),
(25053,'Arbeláez','25','4.3','-74.5833333' , '56'),
(52051,'Arboleda (Berruecos)','52','1.5033333','-77.077778' , '57'),
(54051,'Arboledas','54','7.6666667','-72.75' , '58'),
(05051,'Arboletes','05','8.5','-76.4166667' , '59'),
(15051,'Arcabuco','15','5.8','-73.3833333' , '60'),
(13042,'Arenal','13','8.4666667','-73.95' , '61'),
(05055,'Argelia','05','5.7341667','-75.1463889' , '62'),
(19050,'Argelia','19','2.2666667','-77.25' , '63'),
(76054,'Argelia','76','4.7','-76.1333333' , '64'),
(47058,'Ariguaní (El Difícil)','47','10.25','-74' , '65'),
(13052,'Arjona','13','10.1666667','-75.3333333' , '66'),
(05059,'Armenia','05','6.1666667','-75.8333333' , '67'),
(63001,'Armenia','63','4.5338889','-75.6811111' , '68'),
(73055,'Armero (Guayabal)','73','5.0833333','-74.8333333' , '69'),
(13062,'Arroyohondo','13','10.2497222','-75.0113889' , '70'),
(20032,'Astrea','20','9.5011111','-73.9802778' , '71'),
(73067,'Ataco','73','3.3333333','-75.6666667' , '72'),
(27050,'Atrato (Yuto)','27','5.5333333','-76.6333333' , '73'),
(23068,'Ayapel','23','8.25','-75.25' , '74'),
(27073,'Bagadó','27','5.5','-76.25' , '75'),
(27075,'Bahía Solano (Mútis)','27','6.2191667','-77.4077778' , '76'),
(27077,'Bajo Baudó (Pizarro)','27','5.0','-77.0833333' , '77'),
(19075,'Balboa','19','2.1','-77.2' , '78'),
(66075,'Balboa','66','4.9166667','-75.95' , '79'),
(08078,'Baranoa','08','10.8','-74.9166667' , '80'),
(41078,'Baraya','41','3.1666667','-75' , '81'),
(52079,'Barbacoas','52','1.5833333','-78' , '82'),
(05079,'Barbosa','05','6.45','-75.3333333' , '83'),
(68077,'Barbosa','68','6','-73.55' , '84'),
(68079,'Barichara','68','6.75','-73.1666667' , '85'),
(50110,'Barranca de Upía','50','4.5755556','-72.9611111' , '86'),
(68081,'Barrancabermeja','68','7.0652778','-73.8547222' , '87'),
(44078,'Barrancas','44','11','-72.75' , '88'),
(13074,'Barranco de Loba','13','8.8333333','-74.1666667' , '89'),
(08001,'Barranquilla','08','10.9638889','-74.7963889' , '90'),
(20045,'Becerríl','20','9.705','-73.2847222' , '91'),
(17088,'Belalcázar','17','5','-75.8333333' , '92'),
(05088,'Bello','05','6.3388889','-75.5622222' , '93'),
(05086,'Belmira','05','6.6666667','-75.6666667' , '94'),
(25086,'Beltrán','25','4.8','-74.75' , '95'),
(15087,'Belén','15','6.0833333','-72.9166667' , '96'),
(52083,'Belén','52','1.5975','-77.0175' , '97'),
(27086,'Belén de Bajirá','27','7.3725','-76.7147222' , '98'),
(66088,'Belén de Umbría','66','5.25','-75.9166667' , '99'),
(18094,'Belén de los Andaquíes','18','1.4166667','-75.9166667' , '100'),
(15090,'Berbeo','15','5.3333333','-73' , '101'),
(05091,'Betania','05','5.75','-75.9666667' , '102'),
(15092,'Beteitiva','15','6','-72.8333333' , '103'),
(05093,'Betulia','05','6.2','-75.9166667' , '104'),
(68092,'Betulia','68','7.0833333','-73.3333333' , '105'),
(25095,'Bituima','25','4.9166667','-74.55' , '106'),
(15097,'Boavita','15','6.4166667','-72.5833333' , '107'),
(54099,'Bochalema','54','7.6666667','-72.5833333' , '108'),
(11001,'Bogotá D.C.','25','4.6','-74.0833333' , '109'),
(25099,'Bojacá','25','4.75','-74.3333333' , '110'),
(27099,'Bojayá (Bellavista)','27','6.5236111','-76.9744444' , '111'),
(05101,'Bolívar','05','5.8333333','-76' , '112'),
(19100,'Bolívar','19','1.8333333','-76.9166667' , '113'),
(68101,'Bolívar','68','6.25','-74' , '114'),
(76100,'Bolívar','76',' 4.3333333','-76.3333333' , '115'),
(20060,'Bosconia','20','9.9761111','-73.8902778' , '116'),
(15104,'Boyacá','15','5.5','-72.5' , '117'),
(05107,'Briceño','05','7.1122222','-75.5541667' , '118'),
(15106,'Briceño','15','5.75','-73.8333333' , '119'),
(68001,'Bucaramanga','68','7.1297222','-73.1258333' , '120'),
(54109,'Bucarasica','54','8.0833333','-73' , '121'),
(76109,'Buenaventura','76',' 3.8933333','-77.0697222' , '122'),
(15109,'Buenavista','15','5.5','-73.9666667' , '123'),
(23079,'Buenavista','23','8.7575','-75.89' , '124'),
(63111,'Buenavista','63','4.3622222','-75.7394444' , '125'),
(70110,'Buenavista','70','9.3222222','-74.9772222' , '126'),
(19110,'Buenos Aires','19','2.9166667','-76.6666667' , '127'),
(52110,'Buesaco','52','1.25','-77.0833333' , '128'),
(76111,'Buga','76',' 3.9022222','-76.3027778' , '129'),
(76113,'Bugalagrande','76',' 4.2094444','-76.1602778' , '130'),
(05113,'Burítica','05','6.75','-75.9166667' , '131'),
(15114,'Busbanza','15','5.9166667','-72.85' , '132'),
(25120,'Cabrera','25','3.9780556','-74.4858333' , '133'),
(68121,'Cabrera','68','6.6333333','-73.2' , '134'),
(50124,'Cabuyaro','50','4.2902778','-72.7905556' , '135'),
(25123,'Cachipay','25','5.2666667','-74.5666667' , '136'),
(05125,'Caicedo','05','6.45','-75.9666667' , '137'),
(76122,'Caicedonia','76',' 4.33365917459535','-75.8342456817627' , '138'),
(70124,'Caimito','70','8.8333333','-75.1666667' , '139'),
(73124,'Cajamarca','73','4.4166667','-75.5' , '140'),
(19130,'Cajibío','19','2.6666667','-76.6666667' , '141'),
(25126,'Cajicá','25','5','-74.05' , '142'),
(13140,'Calamar','13','10.25','-75' , '143'),
(95015,'Calamar','95','1.9597222','-72.6538889' , '144'),
(63130,'Calarcá','63','4.5325','-75.6436111' , '145'),
(05129,'Caldas',' 05','6.0833333','-75.6333333' , '146'),
(15131,'Caldas','15','5.55','-73.8833333' , '147'),
(19137,'Caldono','19','2.8333333','-76.4166667' , '148'),
(68132,'California','68','7.4166667','-72.85' , '149'),
(76126,'Calima (Darién)','76',' 3.9166667','-76.6666667' , '150'),
(19142,'Caloto','19','3.0833333','-76.3333333' , '151'),
(76001,'Calí','76',' 3.4372222','-76.5225' , '152'),
(05134,'Campamento','05','7.0833333','-75.25' , '153'),
(08137,'Campo de la Cruz','08','10.4166667','-74.9166667' , '154'),
(41132,'Campoalegre','41','2.6666667','-75.3333333' , '155'),
(15135,'Campohermoso','15','5.0833333','-73' , '156'),
(23090,'Canalete','23','8.6761111','-76.2041667' , '157'),
(08141,'Candelaria','08','10.5','-74.8333333' , '158'),
(76130,'Candelaria','76',' 3.4130556','-76.3511111' , '159'),
(13160,'Cantagallo','13','7.3791667','-73.9180556' , '160'),
(27135,'Cantón de San Pablo','27','5.3388889','-76.7313889' , '161'),
(25148,'Caparrapí','25','5.4166667','-74.5833333' , '162'),
(68147,'Capitanejo','68','6.6','-72.6333333' , '163'),
(05142,'Caracolí','05','6.4119444','-74.7605556' , '164'),
(05145,'Caramanta','05','5.5833333','-75.5833333' , '165'),
(68152,'Carcasí','68','6.8333333','-72.5' , '166'),
(05147,'Carepa','05','7.7663889','-76.6611111' , '167'),
(73148,'Carmen de Apicalá','73','4.15','-74.7333333' , '168'),
(25154,'Carmen de Carupa','25','5.3502778','-73.9052778' , '169'),
(05148,'Carmen de Viboral','05','6.085','-75.3386111' , '170'),
(27150,'Carmen del Darién (CURBARADÓ)','27','7.158','-76.971' , '171'),
(05150,'Carolina','05','6.8','-75.25' , '172'),
(13001,'Cartagena','13','10.3997222','-75.5144444' , '173'),
(18150,'Cartagena del Chairá','18','1.35','-74.84' , '174'),
(76147,'Cartago','76',' 4.7463889','-75.9116667' , '175'),
(97161,'Carurú','97','0.9166667','-70.7333333' , '176'),
(73152,'Casabianca','73','5.0833333','-75.1666667' , '177'),
(50150,'Castilla la Nueva','50','3.8','-73.5833333' , '178'),
(05154,'Caucasia','05','7.9166667','-75' , '179'),
(05138,'Cañasgordas','05','6.75','-76' , '180'),
(68160,'Cepita','68','6.8333333','-72.9166667' , '181'),
(23162,'Cereté','23','8.9166667','-76' , '182'),
(15162,'Cerinza','15','6','-72.9166667' , '183'),
(68162,'Cerrito','68','7','-72.5833333' , '184'),
(47161,'Cerro San Antonio','47','10.25','-74.8333333' , '185'),
(52240,'Chachaguí','52','1.35943053925138','-77.2836685180664' , '186'),
(25168,'Chaguaní','25','5','-74.65' , '187'),
(70230,'Chalán','70','9.5491667','-75.3161111' , '188'),
(73168,'Chaparral','73','3.75','-75.5833333' , '189'),
(68167,'Charalá','68','6.25','-73.0833333' , '190'),
(68169,'Charta','68','7.3','-72.9666667' , '191'),
(05172,'Chigorodó','05','7.6666667','-76.6666667' , '192'),
(68176,'Chima','68','6.4166667','-73.3333333' , '193'),
(20175,'Chimichagua','20','9.2577778','-73.8177778' , '194'),
(23168,'Chimá','23','9.0833333','-75.6333333' , '195'),
(15172,'Chinavita','15','5.25','-73.3333333' , '196'),
(17174,'Chinchiná','17','5','-75.6666667' , '197'),
(54172,'Chinácota','54','7.75','-72.55' , '198'),
(23182,'Chinú','23','9.0833333','-75.3333333' , '199'),
(25178,'Chipaque','25','4.5','-74.0833333' , '200'),
(68179,'Chipatá','68','6.1333333','-73.55' , '201'),
(15176,'Chiquinquirá','15','5.6333333','-73.75' , '202'),
(20178,'Chiriguaná','20','9.5','-73.4166667' , '203'),
(15180,'Chiscas','15','6.75','-72.3333333' , '204'),
(15183,'Chita','15','6.1666667','-72.4166667' , '205'),
(54174,'Chitagá','54','7.1666667','-72.5833333' , '206'),
(15185,'Chitaraque','15','6.0833333','-73.3666667' , '207'),
(15187,'Chivatá','15','5.5333333','-73.2666667' , '208'),
(47170,'Chivolo','47','10.0280556','-74.6436111' , '209'),
(25181,'Choachí','25','4.5833333','-73.9166667' , '210'),
(25183,'Chocontá','25','5.1666667','-73.6666667' , '211'),
(85015,'Chámeza','85','5','-72.75' , '212'),
(25175,'Chía','25','4.9166667','-74.05' , '213'),
(15232,'Chíquiza','15','5.6083333','-73.4886111' , '214'),
(15236,'Chívor','15','4.8855556','-73.3688889' , '215'),
(13188,'Cicuco','13','9.4166667','-74.7333333' , '216'),
(68190,'Cimitarra','68','6.3161111','-73.9505556' , '217'),
(63190,'Circasia','63','4.6166667','-75.6333333' , '218'),
(05190,'Cisneros','05','6.5833333','-75.0833333' , '219'),
(15189,'Ciénaga','15','5.4666667','-73.25' , '220'),
(47189,'Ciénaga','47','10.8333333','-74.0833333' , '221'),
(23189,'Ciénaga de Oro','23','8.8333333','-75.6666667' , '222'),
(13222,'Clemencia','13','10.5891667','-75.3341667' , '223'),
(05197,'Cocorná','05','6','-75' , '224'),
(73200,'Coello','73','4.3333333','-74.9166667' , '225'),
(25200,'Cogua','25','5.15','-73.9666667' , '226'),
(41206,'Colombia','41','2.5','-75.75' , '227'),
(70204,'Colosó (Ricaurte)','70','9.4966667','-75.3555556' , '228'),
(86219,'Colón','86','1.1936111','-76.9769444' , '229'),
(52203,'Colón (Génova)','52','1.5833333','-77' , '230'),
(05206,'Concepción','05','6.4166667','-75.25' , '231'),
(68207,'Concepción','68','6.9166667','-72.5' , '232'),
(05209,'Concordia','05','6.0833333','-75.9166667' , '233'),
(47205,'Concordia','47','9.8402778','-74.4447222' , '234'),
(27205,'Condoto','27','5.1666667','-76.5' , '235'),
(68209,'Confines','68','6.4166667','-73.1666667' , '236'),
(52207,'Consaca','52','1.20840649727186','-77.4632263183594' , '237'),
(52210,'Contadero','52','0.9166667','-77.5333333' , '238'),
(68211,'Contratación','68','6.3333333','-73.4166667' , '239'),
(54206,'Convención','54','8.8333333','-73.2' , '240'),
(05212,'Copacabana','05','6.3333333','-75.5' , '241'),
(15212,'Coper','15','5.4333333','-74.0333333' , '242'),
(63212,'Cordobá','63','4.3905556','-75.6888889' , '243'),
(19212,'Corinto','19','3.1666667','-76.2' , '244'),
(68217,'Coromoro','68','6.3333333','-73' , '245'),
(70215,'Corozal','70','9.3333333','-75.25' , '246'),
(15215,'Corrales','15','5.8666667','-72.8333333' , '247'),
(25214,'Cota','25','4.8333333','-74.1333333' , '248'),
(23300,'Cotorra','23','9.05','-75.8' , '249'),
(15218,'Covarachía','15','6.5833333','-72.7' , '250'),
(70221,'Coveñas','70','9.4166667','-75.7' , '251'),
(73217,'Coyaima','73','3.8333333','-75.0833333' , '252'),
(81220,'Cravo Norte','81','6.3030556','-70.2016667' , '253'),
(52224,'Cuaspud (Carlosama)','52','0.8658333','-77.7294444' , '254'),
(50223,'Cubarral','50','3.7713889','-73.8377778' , '255'),
(15223,'Cubará','15','7.0411111','-72.0608333' , '256'),
(15224,'Cucaita','15','5.5333333','-73.4666667' , '257'),
(25224,'Cucunubá','25','5.25','-73.75' , '258'),
(54223,'Cucutilla','54','7.5','-72.75' , '259'),
(15226,'Cuitiva','15','5.65','-72.9166667' , '260'),
(50226,'Cumaral','50','4.25','-73.3333333' , '261'),
(99773,'Cumaribo','99','4.4444444','-69.8002778' , '262'),
(52227,'Cumbal','52','0.9166667','-77.9166667' , '263'),
(52233,'Cumbitara','52','1.6533333','-77.5833333' , '264'),
(73226,'Cunday','73','4.0833333','-74.6666667' , '265'),
(18205,'Curillo','18','1.0352778','-75.9247222' , '266'),
(68229,'Curití','68','6.6666667','-73' , '267'),
(20228,'Curumaní','20','9.2041667','-73.5486111' , '268'),
(05120,'Cáceres','05','7.6666667','-75.3333333' , '269'),
(54128,'Cáchira','54','7.75','-73.1666667' , '270'),
(54125,'Cácota','54','7.25','-72.5833333' , '271'),
(25151,'Cáqueza','25','4.45','-73.95' , '272'),
(27160,'Cértegui','27','5.4','-76.6' , '273'),
(15204,'Cómbita','15','5.75','-73.25' , '274'),
(13212,'Córdoba','13','9.5','-74.9166667' , '275'),
(52215,'Córdoba','52','0.7833333','-77.3333333' , '276'),
(54001,'Cúcuta','54','7.8833333','-72.5052778' , '277'),
(05234,'Dabeiba','05','7','-76.25' , '278'),
(76233,'Dagua','76',' 3.6602778','-76.6927778' , '279'),
(44090,'Dibulla','44','11.2722222','-73.3055556' , '280'),
(44098,'Distracción','44','10.8977778','-72.8869444' , '281'),
(73236,'Dolores','73','3.6666667','-74.75' , '282'),
(05237,'Don Matías','05','6.5','-75.3333333' , '283'),
(66170,'Dos Quebradas','66','4.8347222','-75.6725' , '284'),
(15238,'Duitama','15','5.8269444','-73.0202778' , '285'),
(54239,'Durania','54','7.75','-72.6333333' , '286'),
(05240,'Ebéjico','05','6.3333333','-75.75' , '287'),
(05250,'El Bagre','05','7.5941667','-74.8119444' , '288'),
(47245,'El Banco','47','9.0455556','-73.9747222' , '289'),
(76246,'El Cairo','76','4.75','-76.25' , '290'),
(50245,'El Calvario','50','4.4166667','-73.6666667' , '291'),
(54245,'El Carmen','54','8.75','-73.3333333' , '292'),
(68235,'El Carmen','68','6.698','-73.511' , '293'),
(27245,'El Carmen de Atrato','27' , '294','',''),
(13244,'El Carmen de Bolivar', '13','9.75','-75.1666667' , '295'),
(50251,'El Castillo','50','3.5680556','-73.7838889' , '296'),
(76248,'El Cerrito','76',' 3.6666667','-76.1666667' , '297'),
(52250,'El Charco','52','2.3333333','-78.35' , '298'),
(15244,'El Cocuy','15','6.4166667','-72.4166667' , '299'),
(25245,'El Colegio','25','4.5833333','-74.45' , '300'),
(20238,'El Copey','20','10.1505556','-73.965' , '301'),
(18247,'El Doncello','18','1.6794444','-75.2791667' , '302'),
(50270,'El Dorado','50','2.7791667','-72.8719444' , '303'),
(76250,'El Dovio','76',' 4.5','-76.25' , '304'),
(15248,'El Espino','15','6.5833333','-72.4166667' , '305'),
(68245,'El Guacamayo','68','6.3333333','-73.4666667' , '306'),
(13248,'El Guamo','13','10.0833333','-74.9166667' , '307'),
(44110,'El Molino','44','10.6533333','-72.9241667' , '308'),
(20250,'El Paso','20','9.6622222','-73.7519444' , '309'),
(18256,'El Paujil','18','1.564','-75.332' , '310'),
(52254,'El Peñol','52','1.4333333','-77.4333333' , '311'),
(13268,'El Peñon','13','8.9833333','-73.95' , '312'),
(68250,'El Peñon','68','6.55','-72.8333333' , '313'),
(25258,'El Peñón','25','5.3333333','-74.3333333' , '314'),
(47258,'El Piñon','47','10.3333333','-74.6666667' , '315'),
(68255,'El Playón','68','7.4766667','-73.2080556' , '316'),
(95025,'El Retorno','95','2.3305556','-72.6277778' , '317'),
(47268,'El Retén','47','10.6166667','-74.2666667' , '318'),
(70233,'El Roble','70','9.1','-75.2' , '319'),
(25260,'El Rosal','25','4.85','-74.2666667' , '320'),
(52256,'El Rosario','52','1.8333333','-77.3333333' , '321'),
(52258,'El Tablón de Gómez','52' , '322','',''),
(19256,'El Tambo','19','2.5','-77' , '323'),
(52260,'El Tambo','52','1.4','-77.3333333' , '324'),
(54250,'El Tarra','54','8.5847222','-73.0883333' , '325'),
(54261,'El Zulia','54','7.9355556','-72.605' , '326'),
(76243,'El Águila','76',' 4.9166667','-76.0833333' , '327'),
(41244,'Elías','41','2.0833333','-76' , '328'),
(68264,'Encino','68','6.1666667','-73' , '329'),
(68266,'Enciso','68','6.75','-72.6333333' , '330'),
(05264,'Entrerríos','05','6.5833333','-75.5833333' , '331'),
(05266,'Envigado','05','6.1730556','-75.5638889' , '332'),
(73268,'Espinal','73','4.2','-74.8333333' , '333'),
(25269,'Facatativá','25','4.8166667','-74.3666667' , '334'),
(73270,'Falan','73','5.1333333','-75' , '335'),
(17272,'Filadelfia','17','5.3','-75.6' , '336'),
(63272,'Filandia','63','4.6666667','-75.6333333' , '337'),
(15272,'Firavitoba','15','5.75','-72.9666667' , '338'),
(73275,'Flandes','73','4.25','-74.8333333' , '339'),
(18001,'Florencia','18','1.6175','-75.6175' , '340'),
(19290,'Florencia','19','1.6944444','-77.0758333' , '341'),
(15276,'Floresta','15','5.9166667','-72.9166667' , '342'),
(76275,'Florida','76',' 3.3275','-76.2386111' , '343'),
(68276,'Floridablanca','68','7.0647222','-73.0897222' , '344'),
(68271,'Florián','68','5.8047222','-73.9741667' , '345'),
(44279,'Fonseca','44','10.8333333','-72.8333333' , '346'),
(81300,'Fortúl','81','6.7461111','-71.8566667' , '347'),
(25281,'Fosca','25','4.3333333','-73.9166667' , '348'),
(52520,'Francisco Pizarro','52','2.1019444','-78.7216667' , '349'),
(05282,'Fredonia','05','5.9166667','-75.6666667' , '350'),
(73283,'Fresno','73','5.1666667','-75.0833333' , '351'),
(05284,'Frontino','05','6.6666667','-76.3333333' , '352'),
(50287,'Fuente de Oro','50','3.4594444','-73.6127778' , '353'),
(47288,'Fundación','47','10.4166667','-73.9166667' , '354'),
(52287,'Funes','52','0.95','-77.3333333' , '355'),
(25286,'Funza','25','4.7833333','-74.2' , '356'),
(25290,'Fusagasugá','25','4.4166667','-74.4' , '357'),
(25279,'Fómeque','25','4.5833333','-73.8333333' , '358'),
(25288,'Fúquene','25','5.4166667','-73.8' , '359'),
(25293,'Gachalá','25','4.6666667','-73.5' , '360'),
(25295,'Gachancipá','25','5.0833333','-73.8833333' , '361'),
(15293,'Gachantivá','15','5.75','-73.5' , '362'),
(25297,'Gachetá','25','4.9166667','-73.6666667' , '363'),
(08296,'Galapa','08','10.9166667','-74.8333333' , '364'),
(70235,'Galeras (Nueva Granada)','70','9.1630556','-75.0525' , '365'),
(68296,'Galán','68','6.7','-73.3' , '366'),
(25299,'Gama','25','4.75','-73.6' , '367'),
(20295,'Gamarra','20','8.3333333','-73.6666667' , '368'),
(15299,'Garagoa','15','5.1333333','-73.3' , '369'),
(41298,'Garzón','41','2.25','-75.5833333' , '370'),
(41306,'Gigante','41','2.5','-75.5' , '371'),
(76306,'Ginebra','76',' 3.75','-76.1666667' , '372'),
(05306,'Giraldo','05','6.6666667','-75.9166667' , '373'),
(25307,'Girardot','25','4.3030556','-74.8008333' , '374'),
(05308,'Girardota','05','6.4166667','-75.45' , '375'),
(68306,'Girón','68','7.0708333','-73.1730556' , '376'),
(20310,'Gonzalez','20','8.4','-73.3333333' , '377'),
(54313,'Gramalote','54','7.9166667','-72.75' , '378'),
(05313,'Granada','05','6.1666667','-75.1333333' , '379'),
(25312,'Granada','25','5.0666667','-74.5666667' , '380'),
(50313,'Granada','50','3.5386111','-73.7005556' , '381'),
(68318,'Guaca','68','7','-72.7666667' , '382'),
(15317,'Guacamayas','15','6.5','-72.5' , '383'),
(76318,'Guacarí','76',' 3.7694444','-76.3380556' , '384'),
(52699,'Guachavés','52','1.2247222','-77.68' , '385'),
(19300,'Guachené','19','3.1333333','-76.3833333' , '386'),
(25317,'Guachetá','25','5.4166667','-73.7' , '387'),
(52317,'Guachucal','52','1','-77.75' , '388'),
(05315,'Guadalupe','05','6.8175','-75.2441667' , '389'),
(41319,'Guadalupe','41','2.0833333','-75.6666667' , '390'),
(68320,'Guadalupe','68','6.3','-73.3333333' , '391'),
(25320,'Guaduas','25','5.25','-74.6666667' , '392'),
(52320,'Guaitarilla','52','1.15','-77.5' , '393'),
(52323,'Gualmatán','52','0.8333333','-77.5833333' , '394'),
(47318,'Guamal','47','9.25','-74.1666667' , '395'),
(50318,'Guamal','50','3.9166667','-74' , '396'),
(73319,'Guamo','73','4.0833333','-74.9166667' , '397'),
(68322,'Guapota','68','6.3833333','-73.25' , '398'),
(19318,'Guapí','19','2.4166667','-77.6' , '399'),
(70265,'Guaranda','70','8.4697222','-75.5383333' , '400'),
(05318,'Guarne','05','6.25','-75.4166667' , '401'),
(25322,'Guasca','25','4.8333333','-73.8333333' , '402'),
(05321,'Guatapé','05','6.25','-75.1666667' , '403'),
(25324,'Guataquí','25','4.5833333','-74.8' , '404'),
(25326,'Guatavita','25','4.9666667','-73.75' , '405'),
(15322,'Guateque','15','5.0833333','-73.5' , '406'),
(68324,'Guavatá','68','6','-73.65' , '407'),
(25328,'Guayabal de Siquima','25','4.8813889','-74.4702778' , '408'),
(25335,'Guayabetal','25','4.2163889','-73.8133333' , '409'),
(15325,'Guayatá','15','5','-73.5' , '410'),
(68327,'Guepsa','68','6.0833333','-73.5' , '411'),
(15332,'Guicán','15','6.75','-72.1666667' , '412'),
(25339,'Gutiérrez','25','4.25','-74' , '413'),
(66318,'Guática','66','5.3333333','-75.8333333' , '414'),
(68298,'Gámbita','68','6','-73.25' , '415'),
(15296,'Gámeza','15','5.85','-72.75' , '416'),
(63302,'Génova','63','4.25','-75.6666667' , '417'),
(05310,'Gómez Plata','05','6.75','-75.8333333' , '418'),
(54344,'Hacarí','54','8.5','-73.0833333' , '419'),
(13300,'Hatillo de Loba','13','8.9586111','-74.0808333' , '420'),
(68344,'Hato','68','6.5833333','-73.3333333' , '421'),
(85125,'Hato Corozal','85','6.1555556','-71.7655556' , '422'),
(44378,'Hatonuevo','44','11.0694444','-72.7669444' , '423'),
(05347,'Heliconia','05','6.2333333','-75.75' , '424'),
(54347,'Herrán','54','7.5','-72.4666667' , '425'),
(73347,'Herveo','73','5.0833333','-75.1666667' , '426'),
(05353,'Hispania','05','5.8025','-75.9116667' , '427'),
(41349,'Hobo','41','2.5833333','-75.5' , '428'),
(73349,'Honda','73','5.25','-74.8333333' , '429'),
(73001,'Ibagué','73','4.4388889','-75.2322222' , '430'),
(73352,'Icononzo','73','4.1666667','-74.55' , '431'),
(52352,'Iles','52','0.95','-77.5333333' , '432'),
(52354,'Imúes','52','1.05','-77.5' , '433'),
(19355,'Inzá','19','2.6666667','-76.0833333' , '434'),
(94001,'Inírida','94','3.8652778','-67.9238889' , '435'),
(52356,'Ipiales','52','0.8302778','-77.6444444' , '436'),
(41359,'Isnos','41','2.0833333','-76.25' , '437'),
(27361,'Istmina','27','5.1588889','-76.6916667' , '438'),
(05360,'Itagüí','05','6.1719444','-75.6113889' , '439'),
(05361,'Ituango','05','7.25','-76' , '440'),
(15362,'Izá','15','5.6666667','-72.9166667' , '441'),
(19364,'Jambaló','19','2.85','-76.3166667' , '442'),
(76364,'Jamundí','76',' 3.1666667','-76.5833333' , '443'),
(05364,'Jardín','05','5.5833333','-75.8333333' , '444'),
(15367,'Jenesano','15','5.3888889','-73.3680556' , '445'),
(05368,'Jericó','05','5.75','-75.75' , '446'),
(15368,'Jericó','15','6.2','-72.5833333' , '447'),
(25368,'Jerusalén','25','4.6666667','-74.6666667' , '448'),
(68368,'Jesús María','68','5.9166667','-73.8333333' , '449'),
(68370,'Jordán','68','6.75','-73.0666667' , '450'),
(08132,'Juan de Acosta','08','10.8333333','-75.0333333' , '451'),
(25372,'Junín','25','4.75','-73.6666667' , '452'),
(27372,'Juradó','27','7','-77.6666667' , '453'),
(23350,'La Apartada y La Frontera','23' , '454','',''),
(41378,'La Argentina','41','2.25','-76.1666667' , '455'),
(68377,'La Belleza','68','5.8613889','-73.9683333' , '456'),
(25377,'La Calera','25','4.75','-73.9166667' , '457'),
(15380,'La Capilla','15','5.15','-73.45' , '458'),
(05376,'La Ceja','05','6','-75.4166667' , '459'),
(66383,'La Celia','66','4.9666667','-76' , '460'),
(52378,'La Cruz','52','1.55','-76.8833333' , '461'),
(76677,'La Cumbre','76',' 3.6666667','-76.5833333' , '462'),
(17380,'La Dorada','17','5.5333333','-74.7' , '463'),
(54385,'La Esperanza','54','8.1666667','-72.4666667' , '464'),
(05380,'La Estrella','05','6.1666667','-75.6666667' , '465'),
(52381,'La Florida','52','1.25','-77.4166667' , '466'),
(20383,'La Gloria','20','8.5833333','-73.5833333' , '467'),
(20400,'La Jagua de Ibirico','20','9.5641667','-73.3375' , '468'),
(44420,'La Jagua del Pilar','44','10.5166667','-73.0833333' , '469'),
(52385,'La Llanada','52','1.4777778','-77.5838889' , '470'),
(50350,'La Macarena','50','2.8536111','-73.9436111' , '471'),
(17388,'La Merced','17','5.4019444','-75.8847222' , '472'),
(25386,'La Mesa','25','4.6666667','-74.5' , '473'),
(18410,'La Montañita','18','1.5833333','-75.25' , '474'),
(25394,'La Palma','25','5.4166667','-74.4166667' , '475'),
(68397,'La Paz','68','6.25','-73.4666667' , '476'),
(20621,'La Paz (Robles)','20','10.1666667','-73.25' , '477'),
(25398,'La Peña','25','5.25','-74.4166667' , '478'),
(05390,'La Pintada','05','5.75','-75.6' , '479'),
(41396,'La Plata','41','2.4166667','-76.1666667' , '480'),
(54398,'La Playa','54','8.25','-73.1666667' , '481'),
(99524,'La Primavera','99','5.4905556','-70.4091667' , '482'),
(85136,'La Salina','85','6.1852778','-72.3444444' , '483'),
(19392,'La Sierra','19','2.25','-76.8333333' , '484'),
(63401,'La Tebaida','63','4.45','-75.8' , '485'),
(52390,'La Tola','52','2.4108333','-78.2427778' , '486'),
(05400,'La Unión','05','5.9166667','-75.3333333' , '487'),
(52399,'La Unión','52','1.5833333','-77.0833333' , '488'),
(70400,'La Unión','70','8.8605556','-75.2805556' , '489'),
(76400,'La Unión','76',' 4.5358333','-76.1066667' , '490'),
(15403,'La Uvita','15','6.3333333','-72.5' , '491'),
(19397,'La Vega','19','2.0833333','-76.8333333' , '492'),
(25402,'La Vega','25','5','-74.35' , '493'),
(15401,'La Victoria','15','5.5258333','-74.2361111' , '494'),
(17867,'La Victoria','17','4.5238889','-76.0411111' , '495'),
(76403,'La Victoria','76',' 4.5238889','-76.0411111' , '496'),
(66400,'La Virginia','66','4.9166667','-75.8333333' , '497'),
(54377,'Labateca','54','7.3333333','-72.5' , '498'),
(15377,'Labranzagrande','15','5.5833333','-72.5833333' , '499'),
(68385,'Landázuri','68','6.2238889','-73.8127778' , '500'),
(68406,'Lebrija','68','7.4166667','-73.4166667' , '501'),
(52405,'Leiva','52','1.9375','-77.3080556' , '502'),
(50400,'Lejanías','50','3.5136111','-74.0516667' , '503'),
(25407,'Lenguazaque','25','5.3333333','-73.6666667' , '504'),
(91001,'Leticia','91','-4.2152778','-69.9405556' , '505'),
(05411,'Liborina','05','6.75','-75.75' , '506'),
(52411,'Linares','52','1.3833333','-77.45' , '507'),
(27413,'Lloró','27','5.5833333','-76.4166667' , '508'),
(23417,'Lorica','23','9.1666667','-75.8333333' , '509'),
(23419,'Los Córdobas','23','8.9','-76.3597222' , '510'),
(70418,'Los Palmitos','70','9.3811111','-75.2713889' , '511'),
(54405,'Los Patios','54','7.8383333','-72.5133333' , '512'),
(68418,'Los Santos','68','6.9166667','-73.0833333' , '513'),
(54418,'Lourdes','54','7.9666667','-72.8333333' , '514'),
(08421,'Luruaco','08','10.6141667','-75.1461111' , '515'),
(73408,'Lérida','73','4.9166667','-74.9166667' , '516'),
(73411,'Líbano','73','4.9166667','-75.1666667' , '517'),
(19418,'López (Micay)','19','2.4333333','-76.8' , '518'),
(15425,'Macanal','15','4.9166667','-73.25' , '519'),
(68425,'Macaravita','68','6.5833333','-72.5333333' , '520'),
(05425,'Maceo','05','6.5','-74.75' , '521'),
(25426,'Machetá','25','5.0833333','-73.6166667' , '522'),
(25430,'Madrid','25','4.8333333','-74.3' , '523'),
(13430,'Magangué','13','9.2413889','-74.7533333' , '524'),
(52427,'Magüi (Payán)','52','1.9166667','-77.8333333' , '525'),
(13433,'Mahates','13','10.1666667','-75.1666667' , '526'),
(44430,'Maicao','44','11.3841667','-72.2441667' , '527'),
(70429,'Majagual','70','8.5','-74.6666667' , '528'),
(08433,'Malambo','08','10.8588889','-74.7730556' , '529'),
(52435,'Mallama (Piedrancha)','52','1.0833333','-77.8166667' , '530'),
(08436,'Manatí','08','10.5','-75' , '531'),
(44560,'Manaure','44','11.7791667','-72.4494444' , '532'),
(20443,'Manaure Balcón del Cesar', '20','10.3927778','-73.0325' , '533'),
(17001,'Manizales','17','5.07','-75.5205556' , '534'),
(25436,'Manta','25','5.0833333','-73.5833333' , '535'),
(17433,'Manzanares','17','5.25','-75.1666667' , '536'),
(85139,'Maní','85','4.8333333','-72.3333333' , '537'),
(50325,'Mapiripan','50','2.8911111','-72.1322222' , '538'),
(13440,'Margarita','13','9.0833333','-74.2' , '539'),
(05440,'Marinilla','05','6.2','-75.3' , '540'),
(15442,'Maripí','15','5.5833333','-74' , '541'),
(73443,'Mariquita','73','5.25','-74.9166667' , '542'),
(17442,'Marmato','17','5.5','-75.5833333' , '543'),
(17444,'Marquetalia','17','5.3333333','-75' , '544'),
(66440,'Marsella','66','4.9166667','-75.75' , '545'),
(17446,'Marulanda','17','5.3333333','-75.25' , '546'),
(13442,'María la Baja','13','10','-75.3333333' , '547'),
(68444,'Matanza','68','7.4166667','-73.0833333' , '548'),
(05001,'Medellín','05','6.2913889','-75.5361111' , '549'),
(25438,'Medina','25','4.5','-73.3333333' , '550'),
(27425,'Medio Atrato','27' , '551','',''),
(27430,'Medio Baudó','27' , '552','',''),
(27450,'Medio San Juan (ANDAGOYA)','27','5.1','-76.683' , '553'),
(73449,'Melgar','73','4.25','-74.5833333' , '554'),
(19450,'Mercaderes','19','1.75','-77.1666667' , '555'),
(50330,'Mesetas','50','3.3780556','-74.0447222' , '556'),
(18460,'Milán','18','1.3483333','-75.5116667' , '557'),
(15455,'Miraflores','15','5.25','-73.1666667' , '558'),
(95200,'Miraflores','95','1.3366667','-71.9511111' , '559'),
(19455,'Miranda','19','3.25','-76.25' , '560'),
(66456,'Mistrató','66','5.4166667','-76' , '561'),
(97001,'Mitú','97','1.1983333','-70.1733333' , '562'),
(86001,'Mocoa','86','1.1488889','-76.6477778' , '563'),
(68464,'Mogotes','68','6.5833333','-72.9166667' , '564'),
(68468,'Molagavita','68','6.75','-72.75' , '565'),
(23464,'Momil','23','9.2372222','-75.6780556' , '566'),
(13468,'Mompós','13','9.25','-74.5833333' , '567'),
(15464,'Mongua','15','5.8333333','-72.6666667' , '568'),
(15466,'Monguí','15','5.75','-72.8333333' , '569'),
(15469,'Moniquirá','15','5.9166667','-73.5' , '570'),
(05467,'Montebello','05','5.9166667','-75.5' , '571'),
(13458,'Montecristo','13','8.2994444','-74.4755556' , '572'),
(23466,'Montelíbano','23','7.75','-75.6666667' , '573'),
(63470,'Montenegro','63','4.5','-75.8' , '574'),
(23001,'Monteria','23','8.7575','-75.89' , '575'),
(85162,'Monterrey','85','4.9166667','-72.8333333' , '576'),
(13473,'Morales','13','8.4166667','-74' , '577'),
(19473,'Morales','19','2.8','-76.6666667' , '578'),
(18479,'Morelia','18','1.4875','-75.725' , '579'),
(70473,'Morroa','70','9.4166667','-75.3333333' , '580'),
(25473,'Mosquera','25','4.75','-74.3333333' , '581'),
(52473,'Mosquera','52','2.35','-78.35' , '582'),
(15476,'Motavita','15','5.5797222','-73.3713889' , '583'),
(23500,'Moñitos','23','8.25','-76.05' , '584'),
(73461,'Murillo','73','4.8769444','-75.1738889' , '585'),
(05475,'Murindó','05','6.8','-76.8' , '586'),
(05480,'Mutatá','05','7.3333333','-76.5' , '587'),
(54480,'Mutiscua','54','7.3333333','-72.7166667' , '588'),
(15480,'Muzo','15','5.5166667','-74.1166667' , '589'),
(68432,'Málaga','68','6.7833333','-72.6666667' , '590'),
(05483,'Nariño','05','5.6','-75.1666667' , '591'),
(25483,'Nariño','25','4.45','-74.8' , '592'),
(52480,'Nariño','52','1.5','-78' , '593'),
(73483,'Natagaima','73','3.5833333','-75.0833333' , '594'),
(05495,'Nechí','05','8.0963889','-74.7758333' , '595'),
(05490,'Necoclí','05','8.4238889','-76.7911111' , '596'),
(17486,'Neira','17','5.1666667','-75.5' , '597'),
(41001,'Neiva','41','2.9305556','-75.3302778' , '598'),
(25486,'Nemocón','25','5.1333333','-73.9' , '599'),
(25488,'Nilo','25','4.3333333','-74.5833333' , '600'),
(25489,'Nimaima','25','5.2','-74.4166667' , '601'),
(15491,'Nobsa','15','5.8333333','-72.9166667' , '602'),
(25491,'Nocaima','25','5.1166667','-74.4166667' , '603'),
(17495,'Norcasia','17','5.5666667','-74.8833333' , '604'),
(13490,'Norosí','13','8.5333333','-74.0333333' , '605'),
(27491,'Novita','27','4.9166667','-76.5833333' , '606'),
(47460,'Nueva Granada','47','9.8030556','-74.3902778' , '607'),
(15494,'Nuevo Colón','15','5.4166667','-73.4166667' , '608'),
(85225,'Nunchía','85','5.6405556','-72.1986111' , '609'),
(27495,'Nuquí','27','6','-77.3333333' , '610'),
(41483,'Nátaga','41','2.65','-75.8' , '611'),
(76497,'Obando','76',' 4.5833333','-75.9166667' , '612'),
(68498,'Ocamonte','68','6.4166667','-73.0833333' , '613'),
(54498,'Ocaña','54','8.25','-73.3' , '614'),
(68500,'Oiba','68','6.3','-73.25' , '615'),
(15500,'Oicatá','15','5.6','-73.3166667' , '616'),
(05501,'Olaya','05','6.6666667','-75.75' , '617'),
(52490,'Olaya Herrera','52','1.2666667','-77.4833333' , '618'),
(68502,'Onzaga','68','6.3333333','-72.75' , '619'),
(41503,'Oporapa','41','2.0833333','-76.0166667' , '620'),
(86320,'Orito','86','0.6966667','-76.8747222' , '621'),
(85230,'Orocué','85','4.7941667','-71.34' , '622'),
(73504,'Ortega','73','3.9166667','-75.25' , '623'),
(52506,'Ospina','52','1.0333333','-77.55' , '624'),
(15507,'Otanche','15','5.75','-74.25' , '625'),
(70508,'Ovejas','70','9.5','-75.1666667' , '626'),
(15511,'Pachavita','15','5.1333333','-73.4' , '627'),
(25513,'Pacho','25','5.25','-74.1666667' , '628'),
(19513,'Padilla','19','3.0666667','-76.3166667' , '629'),
(41518,'Paicol','41','2.45','-75.75' , '630'),
(20517,'Pailitas','20','8.9661111','-73.6316667' , '631'),
(25518,'Paime','25','5.4166667','-74.1666667' , '632'),
(15516,'Paipa','15','5.8333333','-73.1' , '633'),
(15518,'Pajarito','15','5.4166667','-72.6666667' , '634'),
(41524,'Palermo','41','3','-75.5' , '635'),
(17524,'Palestina','17','5.0833333','-75.6666667' , '636'),
(41530,'Palestina','41','1.75','-76.0666667' , '637'),
(68522,'Palmar','68','6.5833333','-73.25' , '638'),
(08520,'Palmar de Varela','08','10.7466667','-74.7555556' , '639'),
(68524,'Palmas del Socorro','68','6.45','-73.25' , '640'),
(76520,'Palmira','76',' 3.5394444','-76.3036111' , '641'),
(70523,'Palmito','70','9.3333333','-75.55' , '642'),
(73520,'Palocabildo','73','5.1333333','-75.0333333' , '643'),
(54518,'Pamplona','54','7.3780556','-72.6525' , '644'),
(54520,'Pamplonita','54','7.5','-72.5833333' , '645'),
(25524,'Pandi','25','4.25','-74.5' , '646'),
(15522,'Panqueba','15','6.5','-72.4166667' , '647'),
(25530,'Paratebueno','25','4.3730556','-73.2213889' , '648'),
(25535,'Pasca','25','4.3333333','-74.2833333' , '649'),
(19532,'Patía (El Bordo)','19','2.1155556','-76.9891667' , '650'),
(15531,'Pauna','15','5.75','-73.9166667' , '651'),
(15532,'Paya','15','5.6666667','-72.3816667' , '652'),
(85250,'Paz de Ariporo','85','5.8833333','-71.9' , '653'),
(15537,'Paz de Río','15','6.0833333','-72.75' , '654'),
(47441,'Pedraza','47','10.1666667','-74.75' , '655'),
(20550,'Pelaya','20','8.6916667','-73.6663889' , '656'),
(17541,'Pensilvania','17','5.5','-75.0833333' , '657'),
(05543,'Peque','05','7','-75.8333333' , '658'),
(66001,'Pereira','66','4.8133333','-75.6961111' , '659'),
(15542,'Pesca','15','5.5833333','-73.05' , '660'),
(05541,'Peñol','05','6.25','-75.25' , '661'),
(19533,'Piamonte','19','7.7833333','-75.2' , '662'),
(68547,'Pie de Cuesta','68','5.8383333','-74.0366667' , '663'),
(73547,'Piedras','73','4.5','-74.9166667' , '664'),
(19548,'Piendamó','19','2.75','-76.5' , '665'),
(63548,'Pijao','63','4.3333333','-75.6666667' , '666'),
(47545,'Pijiño','47','`9.3302778','-74.4497222' , '667'),
(68549,'Pinchote','68','6.5833333','-73.1666667' , '668'),
(13549,'Pinillos','13','8.9172222','-74.4663889' , '669'),
(08549,'Piojo','08','10.75','-75.1333333' , '670'),
(15550,'Pisva','15','5.7427778','-72.4894444' , '671'),
(41548,'Pital','41','2.3333333','-75.8333333' , '672'),
(41551,'Pitalito','41','1.75','-76.1666667' , '673'),
(47551,'Pivijay','47','10.4166667','-74.3333333' , '674'),
(73555,'Planadas','73','3.25','-75.75' , '675'),
(23555,'Planeta Rica','23','8.3333333','-75.5833333' , '676'),
(47555,'Plato','47','9.8333333','-74.3333333' , '677'),
(52540,'Policarpa','52','1.6316667','-77.4616667' , '678'),
(08558,'Polonuevo','08','10.75','-74.7833333' , '679'),
(08560,'Ponedera','08','10.6436111','-74.7544444' , '680'),
(19001,'Popayán','19','3.2775','-75.6213889' , '681'),
(85263,'Pore','85','5.6708333','-71.93' , '682'),
(52560,'Potosí','52','0.75','-77.4166667' , '683'),
(76563,'Pradera','76',' 3.4211111','-76.2447222' , '684'),
(73563,'Prado','73','3.75','-74.8333333' , '685'),
(52565,'Providencia','52','1.5702778','-77.4694444' , '686'),
(88564,'Providencia','88','12.5','-81.75' , '687'),
(20570,'Pueblo Bello','20','10.3666667','-73.6333333' , '688'),
(23570,'Pueblo Nuevo','23','8.2333333','-74.9666667' , '689'),
(66572,'Pueblo Rico','66','5.25','-76.1666667' , '690'),
(05576,'Pueblorrico','05','5.8','-75.85' , '691'),
(47570,'Puebloviejo','47','10.9833333','-74.3333333' , '692'),
(68572,'Puente Nacional','68','5.9166667','-73.5833333' , '693'),
(52573,'Puerres','52','0.9166667','-77.25' , '694'),
(86568,'Puerto Asís','86','0.5158333','-76.495' , '695'),
(05579,'Puerto Berrío','05','6.4166667','-74.5' , '696'),
(15572,'Puerto Boyacá' ,'15','5.9780556','-74.5897222' , '697'),
(86569,'Puerto Caicedo','86','0.6838889','-76.5858333' , '698'),
(99001,'Puerto Carreño','99','6.1877778','-67.4730556' , '699'),
(08573,'Puerto Colombia','08','11.0166667','-74.8833333' , '700'),
(50450,'Puerto Concordia','50','2.6794444','-72.7608333' , '701'),
(23574,'Puerto Escondido','23','8.95','-76.25' , '702'),
(50568,'Puerto Gaitán','50','4.3141667','-72.0825' , '703'),
(86571,'Puerto Guzmán','86','0.9702778','-76.5858333' , '704'),
(86573,'Puerto Leguízamo','86','-0.2','-74.7666667' , '705'),
(23580,'Puerto Libertador','23','4.6','-74.1166667' , '706'),
(50577,'Puerto Lleras','50','3','-72.5' , '707'),
(50573,'Puerto López','50','4.0833333','-72.9666667' , '708'),
(05585,'Puerto Nare','05','6.1916667','-74.5866667' , '709'),
(91540,'Puerto Nariño' ,'91','-3.7702778','-70.3830556' , '710'),
(68573,'Puerto Parra','68','6.6516667','-74.0608333' , '711'),
(18592,'Puerto Rico','18','1.9141667','-75.145' , '712'),
(50590,'Puerto Rico','50','2.9383333','-73.2083333' , '713'),
(81591,'Puerto Rondón','81','6.2780556','-71.1' , '714'),
(25572,'Puerto Salgar','25','5.5','-74.5833333' , '715'),
(54553,'Puerto Santander' ,'54','8.3636111','-72.4075' , '716'),
(19573,'Puerto Tejada','19','3.25','-76.4166667' , '717'),
(05591,'Puerto Triunfo','05','5.8708333','-74.6455556' , '718'),
(68575,'Puerto Wilches','68','7.5833333','-73.6666667' , '719'),
(25580,'Pulí','25','4.75','-74.6666667' , '720'),
(52585,'Pupiales','52','0.9166667','-77.6666667' , '721'),
(19585,'Puracé (Coconuco)','19','2.3480556','-76.5008333' , '722'),
(73585,'Purificación','73','3.9166667','-74.9166667' , '723'),
(23586,'Purísima','23','9.3','-75.6666667' , '724'),
(17513,'Pácora','17','5.5','-75.5' , '725'),
(15514,'Páez','15','5.1044444','-73.0555556' , '726'),
(19517,'Páez (Belalcazar)','19','5.1044444','-73.0555556' , '727'),
(68533,'Páramo','68','6.5','-73.1333333' , '728'),
(25592,'Quebradanegra','25','5.15','-74.5' , '729'),
(25594,'Quetame','25','4.3333333','-73.8333333' , '730'),
(27001,'Quibdó','27','5.6947222','-76.6611111' , '731'),
(63594,'Quimbaya','63','4.6333333','-75.75' , '732'),
(66594,'Quinchía','66','5.3333333','-75.6666667' , '733'),
(15580,'Quipama','15','5.5222222','-74.1808333' , '734'),
(25596,'Quipile','25','4.75','-74.5833333' , '735'),
(54599,'Ragonvalia','54','7.5833333','-72.5' , '736'),
(15599,'Ramiriquí','15','5.4166667','-73.3333333' , '737'),
(85279,'Recetor','85','5.3333333','-72.75' , '738'),
(13580,'Regidor','13','8.6666667','-73.8333333' , '739'),
(05604,'Remedios','05','7','-74.4166667' , '740'),
(47605,'Remolino','47','10.6666667','-74.5833333' , '741'),
(08606,'Repelón','08','10.55','-75.1333333' , '742'),
(50606,'Restrepo','50','4.1666667','-73.4166667' , '743'),
(76606,'Restrepo','76',' 3.7833333','-76.5' , '744'),
(05607,'Retiro','05','6.0833333','-75.5' , '745'),
(25612,'Ricaurte','25','4.2797222','-74.7761111' , '746'),
(52612,'Ricaurte','52','1.1666667','-78.1666667' , '747'),
(68615,'Rio Negro','68','7.2191667','-73.1558333' , '748'),
(73616,'Rioblanco','73','3.5','-75.8333333' , '749'),
(76616,'Riofrío','76',' 4.0833333','-76.3333333' , '750'),
(44001,'Riohacha','44','11.5444444','-72.9072222' , '751'),
(17616,'Risaralda',' 17','5.1666667','-75.75' , '752'),
(41615,'Rivera','41','2.8333333','-75.1666667' , '753'),
(52621,'Roberto Payán (San José)','52','1.9166667','-78.3333333' , '754'),
(76622,'Roldanillo','76',' 4.4147222','-76.1547222' , '755'),
(73622,'Roncesvalles','73','4.0833333','-75.5833333' , '756'),
(15621,'Rondón','15','5.4166667','-73.1666667' , '757'),
(19622,'Rosas','19','2.3333333','-76.75' , '758'),
(73624,'Rovira','73','4.25','-75.3333333' , '759'),
(15600,'Ráquira','15','5.6166667','-73.6333333' , '760'),
(27580,'Río Iró','27','5.1','-76.6666667' , '761'),
(27600,'Río Quito','27','5.7','-76.6666667' , '762'),
(17614,'Río Sucio','17','5.3791667','-75.6161111' , '763'),
(13600,'Río Viejo','13','8.59','-73.8436111' , '764'),
(20614,'Río de oro','20','8','-73.5' , '765'),
(05615,'Ríonegro','05','6.1666667','-75.4166667' , '766'),
(27615,'Ríosucio','27','7.4166667','-77.1666667' , '767'),
(68655,'Sabana de Torres','68','7.3980556','-73.4969444' , '768'),
(08634,'Sabanagrande','08','10.8','-74.75' , '769'),
(05628,'Sabanalarga','05','6.9166667','-75.8' , '770'),
(08638,'Sabanalarga','08','10.6333333','-74.8333333' , '771'),
(85300,'Sabanalarga','85','4.8536111','-73.0430556' , '772'),
(47660,'Sabanas de San Angel (SAN ANGEL)','47','10.033','-74.217' , '773'),
(05631,'Sabaneta','05','6.15','-75.6' , '774'),
(15632,'Saboyá','15','5.75','-73.7' , '775'),
(23660,'Sahagún','23','8.8333333','-75.4166667' , '776'),
(41660,'Saladoblanco','41','2.0144444','-76.0502778' , '777'),
(17653,'Salamina','17','5.4166667','-75.4166667' , '778'),
(47675,'Salamina','47','10.5','-74.7' , '779'),
(54660,'Salazar','54','7.8','-72.8333333' , '780'),
(73671,'Saldaña','73','3.9347222','-75.0202778' , '781'),
(63690,'Salento','63','4.6666667','-75.5' , '782'),
(05642,'Salgar','05','6','-76' , '783'),
(15646,'Samacá','15','5.5','-73.5' , '784'),
(52678,'Samaniego','52','1.4166667','-77.6666667' , '785'),
(17662,'Samaná','17','5.5833333','-74.9166667' , '786'),
(70670,'Sampués','70','9.1666667','-75.3' , '787'),
(41668,'San Agustín','41','1.9166667','-76.3333333' , '788'),
(20710,'San Alberto','20','7.7525','-73.3891667' , '789'),
(68669,'San Andrés','68','6.8333333','-72.75' , '790'),
(23670,'San Andrés Sotavento','23','9.1666667','-75.55' , '791'),
(05647,'San Andrés de Cuerquía','05','6.917','-75.667' , '792'),
(23672,'San Antero','23','9.35','-75.75' , '793'),
(73675,'San Antonio','73','3.9166667','-75.5' , '794'),
(25645,'San Antonio de Tequendama','25','4.1333333','-74.5' , '795'),
(68673,'San Benito','68','6.1666667','-73.4666667' , '796'),
(70678,'San Benito Abad','70','8.75','-74.9166667' , '797'),
(25649,'San Bernardo','25','4.2','-74.3333333' , '798'),
(52685,'San Bernardo','52','1.5163889','-77.0466667' , '799'),
(23675,'San Bernardo del Viento','23','9.25','-76' , '800'),
(54670,'San Calixto','54','8.75','-73.0333333' , '801'),
(05649,'San Carlos','05','6.2','-74.9166667' , '802'),
(23678,'San Carlos','23','8.7','-75.7' , '803'),
(50680,'San Carlos de Guaroa','50','3.7122222','-73.2436111' , '804'),
(25653,'San Cayetano','25','5.3333333','-74.0833333' , '805'),
(54673,'San Cayetano','54','7.8833333','-72.5833333' , '806'),
(13620,'San Cristobal','13','9.8833333','-75.25' , '807'),
(20750,'San Diego','20','10.3375','-73.1825' , '808'),
(15660,'San Eduardo','15','5.2166667','-73.1333333' , '809'),
(13647,'San Estanislao','13','10.3983333','-75.1511111' , '810'),
(13650,'San Fernando','13','9.0833333','-74.3333333' , '811'),
(05652,'San Francisco','05','6.1166667','-75.9833333' , '812'),
(25658,'San Francisco','25','5','-74.2833333' , '813'),
(86755,'San Francisco','86','1.1772222','-76.8830556' , '814'),
(68679,'San Gíl','68','6.5833333','-73.0833333' , '815'),
(13654,'San Jacinto ','13','9.8333333','-75.0833333' , '816'),
(13655,'San Jacinto del Cauca','13','9.8316667','-75.1263889' , '817'),
(05656,'San Jerónimo','05','6.45','-75.7' , '818'),
(68682,'San Joaquín','68','6.4333333','-72.8666667' , '819'),
(17665,'San José','17','5.0858333','-75.7883333' , '820'),
(68686,'San José de Miranda','68','6.7','-72.6666667' , '821'),
(05658,'San José de Montaña','05','6.8502778','-75.6833333' , '822'),
(15664,'San José de Pare','15','6.0833333','-73.4666667' , '823'),
(23682,'San José de Uré','23','7.767','-75.517' , '824'),
(18610,'San José del Fragua','18','1.3611111','-75.9883333' , '825'),
(95001,'San José del Guaviare','95','2.5683333','-72.6416667' , '826'),
(27660,'San José del Palmar','27','4.9166667','-76.25' , '827'),
(50683,'San Juan de Arama','50','3.3463889','-73.8894444' , '828'),
(70702,'San Juan de Betulia','70','9.2755556','-75.2455556' , '829'),
(13657,'San Juan de Nepomuceno','13','9.9566667','-75.0866667' , '830'),
(52001,'San Juan de Pasto','52','1.21467073681653','-77.2786474227905' , '831'),
(25662,'San Juan de Río Seco','25','4.9166667','-74.6666667' , '832'),
(05659,'San Juan de Urabá','05','8.7630556','-76.53' , '833'),
(44650,'San Juan del Cesar', '44','10.8333333','-73.0833333' , '834'),
(50686,'San Juanito','50','4.4586111','-73.6730556' , '835'),
(52687,'San Lorenzo','52','1.5','-77.1666667' , '836'),
(73678,'San Luis','73','4.1666667','-75.0833333' , '837'),
(05660,'San Luís','05','6','-74.8333333' , '838'),
(15667,'San Luís de Gaceno','15','4.8213889','-73.1675' , '839'),
(85325,'San Luís de Palenque','85','5.2805556','-71.5819444' , '840'),
(70708,'San Marcos','70','8.5833333','-75.1666667' , '841'),
(20770,'San Martín','20','8.0047222','-73.5152778' , '842'),
(50689,'San Martín','50','3.7','-73.7' , '843'),
(13667,'San Martín de Loba','13','8.8333333','-73.9166667' , '844'),
(15673,'San Mateo','15','6.5','-72.5' , '845'),
(68684,'San Miguel','68','6.6666667','-72.55' , '846'),
(86757,'San Miguel','86','0.3394444','-76.8830556' , '847'),
(15676,'San Miguel de Sema','15','5.55','-73.75' , '848'),
(70713,'San Onofre','70','9.8333333','-75.5' , '849'),
(13670,'San Pablo','13','10.0527778','-75.2680556' , '850'),
(52693,'San Pablo','52','1.6666667','-76.9166667' , '851'),
(15681,'San Pablo de Borbur','15','5.75','-74.0833333' , '852'),
(05664,'San Pedro','05','6.45','-75.5833333' , '853'),
(70717,'San Pedro','70','9.4166667','-75' , '854'),
(76670,'San Pedro','76',' 4','-76.1666667' , '855'),
(52694,'San Pedro de Cartago','52','1.5613889','-77.1180556' , '856'),
(05665,'San Pedro de Urabá','05','8.2761111','-76.3786111' , '857'),
(23686,'San Pelayo','23','9','-75.9166667' , '858'),
(05667,'San Rafael','05','6.3','-75' , '859'),
(05670,'San Roque','05','6.4166667','-74.8333333' , '860'),
(19693,'San Sebastián','19','1.9166667','-76.6666667' , '861'),
(47692,'San Sebastián de Buenavista','47','9.3333333','-74.3333333' , '862'),
(05674,'San Vicente','05','6.3333333','-75.3333333' , '863'),
(18753,'San Vicente del Caguán','18','2.1525','-74.7888889' , '864'),
(68689,'San Vicente del Chucurí','68','6.8836111','-73.4138889' , '865'),
(47703,'San Zenón','47','9.3333333','-74.3' , '866'),
(52683,'Sandoná','52','1.25','-77.45' , '867'),
(47707,'Santa Ana','47','9.3166667','-74.5833333' , '868'),
(05679,'Santa Bárbara','05','5.8666667','-75.5833333' , '869'),
(68705,'Santa Bárbara','68','6.9927778','-72.9102778' , '870'),
(52695,'Santa Bárbara (Iscuandé)','52','2.3333333','-77.9166667' , '871'),
(47720,'Santa Bárbara de Pinto','47','10.6','-74.167' , '872'),
(13673,'Santa Catalina','13','10.5833333','-75.25' , '873'),
(05042,'Santa Fé de Antioquia' , '05','6.5597222','-75.8280556' , '874'),
(27250,'Santa Genoveva de Docorodó','27','4.2586111','-77.3675' , '875'),
(68720,'Santa Helena del Opón','68','6.3375','-73.5919444' , '876'),
(73686,'Santa Isabel','73','4.75','-75.1666667' , '877'),
(08675,'Santa Lucía','08','10.3286111','-74.9644444' , '878'),
(47001,'Santa Marta','47','11.2472222','-74.2016667' , '879'),
(15690,'Santa María','15','4.8616667','-73.2641667' , '880'),
(41676,'Santa María','41','3','-75.7' , '881'),
(13683,'Santa Rosa','13','10.45','-75.3333333' , '882'),
(19701,'Santa Rosa','19','1.5','-76.5' , '883'),
(66682,'Santa Rosa de Cabal','66','4.8680556','-75.6213889' , '884'),
(05686,'Santa Rosa de Osos','05','6.6666667','-75.4166667' , '885'),
(15693,'Santa Rosa de Viterbo','15','5.9166667','-73' , '886'),
(13688,'Santa Rosa del Sur','13','7.9644444','-74.0544444' , '887'),
(99624,'Santa Rosalía','99','5.1261111','-70.8758333' , '888'),
(15696,'Santa Sofía','15','5.75','-73.5833333' , '889'),
(15686,'Santana','15','6.0572222','-73.4822222' , '890'),
(19698,'Santander de Quilichao','19','3.0130556','-76.4866667' , '891'),
(54680,'Santiago','54','7.9166667','-72.6666667' , '892'),
(86760,'Santiago','86','1.1511111','-77.0075' , '893'),
(05690,'Santo Domingo','05','6.4722222','-75.1647222' , '894'),
(08685,'Santo Tomás','08','10.75','-74.8333333' , '895'),
(05697,'Santuario','05','6.1333333','-75.25' , '896'),
(66687,'Santuario','66','5.0833333','-76' , '897'),
(52720,'Sapuyes','52','1.0333333','-77.6' , '898'),
(81736,'Saravena','81','6.9205556','-71.8533333' , '899'),
(54720,'Sardinata','54','8.25','-72.75' , '900'),
(25718,'Sasaima','25','5','-74.45' , '901'),
(15720,'Sativanorte','15','6.1666667','-72.6666667' , '902'),
(15723,'Sativasur','15','6.1333333','-72.6666667' , '903'),
(05736,'Segovia','05','7.25','-74.75' , '904'),
(25736,'Sesquilé','25','5.0833333','-73.8333333' , '905'),
(76736,'Sevilla','76',' 4.2688889','-75.9361111' , '906'),
(15740,'Siachoque','15','5.5833333','-73.1666667' , '907'),
(25740,'Sibaté','25','4.4913889','-74.2605556' , '908'),
(86749,'Sibundoy','86','1.1833333','-76.9166667' , '909'),
(54743,'Silos','54','7.2','-72.75' , '910'),
(25743,'Silvania','25','4.5','-74.3333333' , '911'),
(19743,'Silvia','19','2.75','-76.3333333' , '912'),
(68745,'Simacota','68','6.4472222','-73.3413889' , '913'),
(25745,'Simijaca','25','5.5833333','-73.8333333' , '914'),
(13744,'Simití','13','7.5833333','-74.1666667' , '915'),
(70001,'Sincelejo','70','9.3047222','-75.3977778' , '916'),
(70742,'Sincé','70','9.1666667','-75' , '917'),
(27745,'Sipí','27','4.5833333','-76.5' , '918'),
(47745,'Sitionuevo','47','10.9166667','-74.5833333' , '919'),
(25754,'Soacha','25','4.5872222','-74.2213889' , '920'),
(15753,'Soatá','15','6.4166667','-72.6666667' , '921'),
(15757,'Socha','15','6','-72.6666667' , '922'),
(68755,'Socorro','68','6.5333333','-73.2' , '923'),
(15755,'Socotá','15','6.0833333','-72.5833333' , '924'),
(15759,'Sogamoso','15','5.7205556','-72.9297222' , '925'),
(18765,'Solano','18','0.7147222','-75.2486111' , '926'),
(08758,'Soledad','08','10.9172222','-74.7666667' , '927'),
(18785,'Solita','18','0.9','-75.623' , '928'),
(15761,'Somondoco','15','4.9877778','-73.4361111' , '929'),
(05756,'Sonsón','05','5.75','-75' , '930'),
(05761,'Sopetrán','05','6.5','-75.75' , '931'),
(13760,'Soplaviento','13','10.3333333','-75.1' , '932'),
(25758,'Sopó','25','4.9166667','-73.95' , '933'),
(15762,'Sora','15','5.5666667','-73.4333333' , '934'),
(15764,'Soracá','15','5.5','-73.3166667' , '935'),
(15763,'Sotaquirá','15','5.8333333','-73.25' , '936'),
(19760,'Sotara (Paispamba)','19','2.2566667','-76.6186111' , '937'),
(52418,'Sotomayor (Los Andes)','52','1.5155556','-77.495' , '938'),
(68770,'Suaita','68','6.1666667','-73.3' , '939'),
(08770,'Suan','08','10.3333333','-74.9166667' , '940'),
(41770,'Suaza','41','1.9166667','-75.8333333' , '941'),
(25769,'Subachoque','25','5','-74.1666667' , '942'),
(19785,'Sucre','19','2.0333333','-76.9166667' , '943'),
(68773,'Sucre','68','6.0833333','-73.9166667' , '944'),
(70771,'Sucre','70','9','-75' , '945'),
(25772,'Suesca','25','5.1666667','-73.8333333' , '946'),
(25777,'Supatá','25','5.0833333','-74.25' , '947'),
(17777,'Supía','17','5.5','-75.6333333' , '948'),
(68780,'Suratá','68','7.5','-72.9666667' , '949'),
(25779,'Susa','25','5.5','-73.8333333' , '950'),
(15774,'Susacón','15','6.2666667','-72.6666667' , '951'),
(15776,'Sutamarchán','15','5.6666667','-73.5833333' , '952'),
(25781,'Sutatausa','25','5.251','-73.856' , '953'),
(15778,'Sutatenza','15','5.0166667','-73.45' , '954'),
(19780,'Suárez','19','2.9588889','-76.6952778' , '955'),
(73770,'Suárez','73','4.0833333','-74.7833333' , '956'),
(85315,'Sácama','85','6.0833333','-72.0833333' , '957'),
(15638,'Sáchica','15','5.6666667','-73.5' , '958'),
(25785,'Tabio','25','5','-74.0833333' , '959'),
(27787,'Tadó','27','5.3333333','-76.4166667' , '960'),
(13780,'Talaigua Nuevo','13','9.3069444','-74.5686111' , '961'),
(20787,'Tamalameque','20','8.8333333','-73.5833333' , '962'),
(81794,'Tame','81','6.4641667','-71.7288889' , '963'),
(52786,'Taminango','52','1.5833333','-77.25' , '964'),
(52788,'Tangua','52','1.0833333','-77.3' , '965'),
(97666,'Taraira','97','0.4938889','-69.6669444' , '966'),
(05790,'Tarazá','05','7.5833333','-75.35' , '967'),
(41791,'Tarqui','41','2.1666667','-75.9166667' , '968'),
(05792,'Tarso','05','5.8333333','-75.8333333' , '969'),
(15790,'Tasco','15','5.9166667','-72.7' , '970'),
(85410,'Tauramena','85','5.0186111','-72.7552778' , '971'),
(25793,'Tausa','25','5.25','-73.9166667' , '972'),
(41799,'Tello','41','3.0833333','-75.0833333' , '973'),
(25797,'Tena','25','4.7','-74.4166667' , '974'),
(47798,'Tenerife','47','10','-74.6666667' , '975'),
(25799,'Tenjo','25','4.9166667','-74.1666667' , '976'),
(15798,'Tenza','15','5.15','-73.45' , '977'),
(54800,'Teorama','54','8.75','-73.1666667' , '978'),
(41801,'Teruel','41','2.9166667','-75.6666667' , '979'),
(41797,'Tesalia','41','2.6666667','-75.75' , '980'),
(25805,'Tibacuy','25','4.3833333','-74.5' , '981'),
(15804,'Tibaná','15','5.3333333','-73.3833333' , '982'),
(15806,'Tibasosa','15','5.8333333','-72.9666667' , '983'),
(25807,'Tibirita','25','5.1333333','-73.5333333' , '984'),
(54810,'Tibú','54','8.6480556','-72.7394444' , '985'),
(23807,'Tierralta','23','8.1736111','-76.0591667' , '986'),
(41807,'Timaná','41','2','-75.9166667' , '987'),
(19809,'Timbiquí','19','2.75','-77.5833333' , '988'),
(19807,'Timbío','19','2.4166667','-76.75' , '989'),
(15808,'Tinjacá','15','5.6333333','-73.65' , '990'),
(15810,'Tipacoque','15','6.4233333','-72.6952778' , '991'),
(13810,'Tiquisio (Puerto Rico)','13','8.5597222','-74.2669444' , '992'),
(05809,'Titiribí','05','6.0833333','-75.8' , '993'),
(15814,'Toca','15','5.6666667','-73.1666667' , '994'),
(25815,'Tocaima','25','4.5','-74.6666667' , '995'),
(25817,'Tocancipá','25','5','-73.9166667' , '996'),
(15816,'Toguí','15','5.95','-73.4166667' , '997'),
(05819,'Toledo','05','7','-75.7' , '998'),
(54820,'Toledo','54','7.3','-72.25' , '999'),
(70820,'Tolú','70','9.5','-75.5333333' , '1000'),
(70823,'Tolú Viejo','70' , '1001','',''),
(68820,'Tona','68','7.25','-72.9' , '1002'),
(15820,'Topagá','15','5.8333333','-72.8333333' , '1003'),
(25823,'Topaipí','25','5.4166667','-74.3333333' , '1004'),
(19821,'Toribío','19','3','-76.1666667' , '1005'),
(76823,'Toro','76',' 4.6116667','-76.0813889' , '1006'),
(15822,'Tota','15','5.5','-73' , '1007'),
(19824,'Totoró','19','2.5833333','-76.3333333' , '1008'),
(85430,'Trinidad','85','5.4305556','-71.6311111' , '1009'),
(76828,'Trujillo','76',' 4.25','-76.3333333' , '1010'),
(08832,'Tubará','08','10.9166667','-74.95' , '1011'),
(23815,'Tuchín','23','9.1833333','-75.55' , '1012'),
(76834,'Tulúa','76',' 4.0866667','-76.2' , '1013'),
(52835,'Tumaco','52','1.7986111','-78.8155556' , '1014'),
(15001,'Tunja','15','5.5352778','-73.3677778' , '1015'),
(15832,'Tunungua','15','5.7333333','-73.9333333' , '1016'),
(13836,'Turbaco','13','10.35','-75.3333333' , '1017'),
(13838,'Turbaná','13','10.25','-75.4166667' , '1018'),
(05837,'Turbo','05','8','-76.5833333' , '1019'),
(15835,'Turmequé','15','5.3333333','-73.5' , '1020'),
(15837,'Tuta','15','5.75','-73.1666667' , '1021'),
(15839,'Tutasá','15','6.1666667','-72.8333333' , '1022'),
(85400,'Támara','85','5.8297222','-72.1633333' , '1023'),
(05789,'Támesis','05','5.6666667','-75.6666667' , '1024'),
(52838,'Túquerres','52','1.1666667','-77.5833333' , '1025'),
(25839,'Ubalá','25','4.8333333','-73.5' , '1026'),
(25841,'Ubaque','25','4.5833333','-74' , '1027'),
(25843,'Ubaté','25','5.35','-73.8333333' , '1028'),
(76845,'Ulloa','76',' 4.7166667','-75.75' , '1029'),
(25845,'Une','25','4.3333333','-74.0833333' , '1030'),
(27800,'Unguía','27','8.0430556','-77.0961111' , '1031'),
(27810,'Unión Panamericana (ÁNIMAS)','27','5.283','-76.617' , '1032'),
(05842,'Uramita','05','6.8994444','-76.1741667' , '1033'),
(50370,'Uribe','50','3.254','-74.358' , '1034'),
(44847,'Uribia','44','11.9166667','-72' , '1035'),
(05847,'Urrao','05','6.3333333','-76.4166667' , '1036'),
(44855,'Urumita','44','10.5666667','-73.0166667' , '1037'),
(08849,'Usiacuri','08','10.75','-74.9666667' , '1038'),
(05854,'Valdivia','05','7.3333333','-75.3333333' , '1039'),
(23855,'Valencia','23','8.3','-76.1666667' , '1040'),
(68855,'Valle de San José','68','6.5','-73.0666667' , '1041'),
(73854,'Valle de San Juan','73','4.25','-75.1666667' , '1042'),
(86865,'Valle de Guamuez','86','0.4525','-76.9191667' , '1043'),
(20001,'Valledupar','20','10.4769444','-73.2505556' , '1044'),
(05856,'Valparaiso','05','5.6666667','-75.5833333' , '1045'),
(18860,'Valparaiso','18','1.1991667','-75.7097222' , '1046'),
(05858,'Vegachí','05','6.7730556','-74.8016667' , '1047'),
(73861,'Venadillo','73','4.75','-74.9166667' , '1048'),
(05861,'Venecia','05','5.9166667','-75.75' , '1049'),
(25506,'Venecia (Ospina Pérez)','25','4.1333333','-74.5' , '1050'),
(15861,'Ventaquemada','15','5.4166667','-73.5' , '1051'),
(25862,'Vergara','25','5.1666667','-74.3333333' , '1052'),
(76863,'Versalles','76',' 4.6666667','-76.25' , '1053'),
(68867,'Vetas','68','7.3333333','-72.8666667' , '1054'),
(25867,'Viani','25','4.9166667','-74.55' , '1055'),
(05873,'Vigía del Fuerte','05','6.5919444','-76.8986111' , '1056'),
(76869,'Vijes','76',' 3.6986111','-76.4491667' , '1057'),
(54871,'Villa Caro','54','7.9169444','-72.9763889' , '1058'),
(19845,'Villa Rica','19','2.5136111','-76.8477778' , '1059'),
(15407,'Villa de Leiva','15','5.6333333','-73.5333333' , '1060'),
(54874,'Villa del Rosario','54','7.8338889','-72.4741667' , '1061'),
(86885,'Villagarzón','86','1.038','-76.627' , '1062'),
(25871,'Villagómez','25','5.2761111','-74.1988889' , '1063'),
(73870,'Villahermosa','73','5','-75.1666667' , '1064'),
(17873,'Villamaría','17','5','-75.5' , '1065'),
(13873,'Villanueva','13','10.45','-75.25' , '1066'),
(44874,'Villanueva','44','10.5833333','-73' , '1067'),
(68872,'Villanueva','68','6.6741667','-73.1777778' , '1068'),
(85440,'Villanueva','85','5.2833333','-71.9666667' , '1069'),
(25873,'Villapinzón','25','5.2833333','-73.5833333' , '1070'),
(73873,'Villarrica','73','4','-74.5833333' , '1071'),
(50001,'Villavicencio','50','4.1533333','-73.635' , '1072'),
(41872,'Villavieja','41','3.3333333','-75.1666667' , '1073'),
(25875,'Villeta','25','5.0833333','-74.5' , '1074'),
(25878,'Viotá','25','4.5','-74.5' , '1075'),
(15879,'Viracachá','15','5.5','-73.25' , '1076'),
(50711,'Vista Hermosa','50','3.0863889','-73.7513889' , '1077'),
(17877,'Viterbo','17','5.0833333','-75.8666667' , '1078'),
(68861,'Vélez','68','6.0833333','-73.5833333' , '1079'),
(25885,'Yacopí','25','5.6666667','-74.4166667' , '1080'),
(52885,'Yacuanquer','52','1.0833333','-77.4166667' , '1081'),
(41885,'Yaguará','41','2.6666667','-75.5833333' , '1082'),
(05885,'Yalí','05','6.8333333','-74.75' , '1083'),
(05887,'Yarumal','05','7','-75.5' , '1084'),
(05890,'Yolombó','05','6.6666667','-75' , '1085'),
(05893,'Yondó (Casabe)','05','7.0077778','-73.9141667' , '1086'),
(85001,'Yopal','85','5.3394444','-72.3941667' , '1087'),
(76890,'Yotoco','76',' 3.9166667','-76.3333333' , '1088'),
(76892,'Yumbo','76',' 3.585','-76.4958333' , '1089'),
(13894,'Zambrano','13','9.75','-74.8333333' , '1090'),
(68895,'Zapatoca','68','6.8333333','-73.25' , '1091'),
(47960,'Zapayán (PUNTA DE PIEDRAS)','47','10.171','-74.719' , '1092'),
(05895,'Zaragoza','05','7.75','-74.75' , '1093'),
(76895,'Zarzal','76',' 4.3983333','-76.0772222' , '1094'),
(15897,'Zetaquirá','15','5.35','-73.1666667' , '1095'),
(25888,'Zipacón','25','4.8333333','-74.4166667' , '1096'),
(25899,'Zipaquirá','25','5.0283333','-74.0058333' , '1097'),
(47980,'Zona Bananera (PRADO - SEVILLA)','47' , '1098','',''),
(54003,'Ábrego','54','8','-73.2' , '1099'),
(41357,'Íquira','41','2.75','-75.75' , '1100'),
(15842,'Úmbita','15','5.2333333','-73.45' , '1101'),
(25851,'Útica','25','5.25','-74.5' , '1102');

*/

#El campo ID debe incrementarse
INSERT INTO suturno_servicio(id,activo,codigo,nombre,descripcion) VALUES(1,1,'S1','Activación Servicios', 'Cliente Nuevo');
INSERT INTO suturno_servicio(id,activo,codigo,nombre,descripcion) VALUES(2,1,'S2','Reclamaciones', 'Reclamaciones respecto a un servicio');
INSERT INTO suturno_servicio(id,activo,codigo,nombre,descripcion) VALUES(3,1,'S3','Pagos', 'Pagos servicio');
INSERT INTO suturno_servicio(id,activo,codigo,nombre,descripcion) VALUES(4,1,'S4','Cambio servicios', 'Realizar algun cambio a los servicios prestados');
INSERT INTO suturno_servicio(id,activo,codigo,nombre,descripcion) VALUES(5,1,'S5','Retiro', 'Cliente retira los servicios');

#INSERT INTO suturno_puestotrabajo(id,codigo,nombre) VALUES(1,'P001','Estación 1');
INSERT INTO suturno_puestotrabajo(id,codigo,nombre) VALUES(2,'P002','Estación 2');
INSERT INTO suturno_puestotrabajo(id,codigo,nombre) VALUES(3,'P003','Estación 3');
INSERT INTO suturno_puestotrabajo(id,codigo,nombre) VALUES(4,'P004','Estación 4');
INSERT INTO suturno_puestotrabajo(id,codigo,nombre) VALUES(5,'P005','Estación 5');
INSERT INTO suturno_puestotrabajo(id,codigo,nombre) VALUES(6,'P006','Estación 6');

INSERT INTO suturno_empleado(id,admin,usuario,clave) VALUES (3,1,'gerente1','clave');
INSERT INTO suturno_empleado(id,admin,usuario,clave,puesto_id) VALUES (4,0,'adrian','adrian',3);
INSERT INTO suturno_empleado(id,admin,usuario,clave,puesto_id) VALUES (5,0,'aa','aa',4);
INSERT INTO suturno_empleado(id,admin,usuario,clave,puesto_id) VALUES (6,0,'beto','beto',5);
INSERT INTO suturno_empleado(id,admin,usuario,clave,puesto_id) VALUES (7,0,'ceci','ceci',6);

/**
genero = 0 H | 1 M
tdoc = 0 CC
*/

#Empleados
INSERT INTO suturno_persona(id,activo,identificacion,tdoc,nombre1,nombre2,apellido1,apellido2,genero,email,tel1,dir,empleado_id) 
	VALUES(3,1,'1113303796', 0 ,'Julian','Ricardo','Romero','Ocampo',0,'jualinr@suturno.uq.com','3116028895','Av 123',3);

INSERT INTO suturno_persona(id,activo,identificacion,tdoc,nombre1,nombre2,apellido1,apellido2,genero,email,tel1,dir,empleado_id) 
	VALUES(4,1,'1113303584', 0 ,'Adrian','Esteban','Perez','Sanchez',0,'adrianp@suturno.uq.com','3158889533','Av 456',4);

INSERT INTO suturno_persona(id,activo,identificacion,tdoc,nombre1,nombre2,apellido1,apellido2,genero,email,tel1,dir,empleado_id) 
	VALUES(5,1,'29880355', 0 ,'Adriana','Maria','Cuevas','Petro',1,'adrianac@suturno.uq.com','3008889533','Av 789',5);

INSERT INTO suturno_persona(id,activo,identificacion,tdoc,nombre1,nombre2,apellido1,apellido2,genero,email,tel1,dir,empleado_id) 
	VALUES(6,1,'35496712500', 0 ,'Beto','Daniel','Lopez','Ruiz',0,'betolo@suturno.uq.com','3126934120','Av 452',6);

INSERT INTO suturno_persona(id,activo,identificacion,tdoc,nombre1,nombre2,apellido1,apellido2,genero,email,tel1,dir,empleado_id) 
	VALUES(7,1,'42568346', 0 ,'Cecilia','Sofia','Trujillo','Ordoñez',1,'ceciliat@suturno.uq.com','3115694403','Av 002',7);


#Clientes
INSERT INTO suturno_persona(id,activo,identificacion,tdoc,nombre1,nombre2,apellido1,apellido2,genero,email,tel1,dir) 
	VALUES(8,1,'16842399125', 0 ,'Carolina','Maria','Morales','Gutierrez',1,'carolinam@suturno.uq.com','3147512381','Av 6969');

INSERT INTO suturno_persona(id,activo,identificacion,tdoc,nombre1,nombre2,apellido1,apellido2,genero,email,tel1,dir) 
	VALUES(9,1,'25493463390', 0 ,'John','Fernando','Velez','Pareja',0,'ingvelez@suturno.uq.com','3128840924','Av 10101');
	
INSERT INTO suturno_persona(id,activo,identificacion,tdoc,nombre1,nombre2,apellido1,apellido2,genero,email,tel1,dir) 
	VALUES(10,1,'413659046', 0 ,'Maria','Carmenza','Parra','Carvajales',1,'maricarmen@suturno.uq.com','3103622440','Av 1051');

INSERT INTO suturno_persona(id,activo,identificacion,tdoc,nombre1,nombre2,apellido1,apellido2,genero,email,tel1,dir) 
	VALUES(11,1,'10659822', 0 ,'Luz','Estela','Pineda','Reyes',1,'lucy@suturno.uq.com','3003679116','Av 10132');

INSERT INTO suturno_persona(id,activo,identificacion,tdoc,nombre1,nombre2,apellido1,apellido2,genero,email,tel1,tel2,dir) 
	VALUES(12,1,'364592522', 0 ,'Michael','Jose','Torres','Rojas',0,'mickey@suturno.uq.com','3174569800','7465823','Av 10524');

INSERT INTO suturno_persona(id,activo,identificacion,tdoc,nombre1,apellido1,apellido2,genero,email,tel1) 
	VALUES(13,1,'26359696', 0 ,'Mateo','Ocampo','Suarez',0,'mati@suturno.uq.com','3153648558');

INSERT INTO suturno_persona(id,activo,identificacion,tdoc,nombre1,nombre2,apellido1,apellido2,genero,email,tel1,dir) 
	VALUES(14,1,'10979896', 0 ,'Josefa','Camila','Jimenez','Rodriguez',1,'camila@suturno.uq.com','3216598400','Av 11635');

INSERT INTO suturno_persona(id,activo,identificacion,tdoc,nombre1,nombre2,apellido1,apellido2,genero,email,dir) 
	VALUES(15,1,'495891522', 0 ,'Mario','Arturo','Ortiz','Ospina',0,'arturito@suturno.uq.com','Av 1025');

INSERT INTO suturno_persona(id,activo,identificacion,tdoc,nombre1,apellido1,genero,email,tel1,dir) 
	VALUES(16,1,'10659378183', 0 ,'Estela','Henao',1,'estelita@suturno.uq.com','3156958269','Av 102');

INSERT INTO suturno_persona(id,activo,identificacion,tdoc,nombre1,nombre2,apellido1,apellido2,genero,email,tel1,dir) 
	VALUES(17,1,'56948236', 0 ,'Sebastian','Gildardo','Rodriguez','Pareja',0,'sebas@suturno.uq.com','3129858924','Av 10120');


#Servicios por Empleado
INSERT INTO suturno_empleado_suturno_servicio(empleados_id,servicios_id) VALUES
(4,1),
(4,2),
(4,3),
(5,2),
(5,3),
(5,5),
(6,4),
(6,2),
(7,1),
(7,5);



INSERT INTO suturno_turno(id,estado,fecha,cliente_id,servicio_id) VALUE (1,0,now(),8,1);
INSERT INTO suturno_turno(id,estado,fecha,cliente_id,servicio_id) VALUE (2,1,now(),9,2);
INSERT INTO suturno_turno(id,estado,fecha,cliente_id,servicio_id) VALUE (3,0,now(),10,2);
INSERT INTO suturno_turno(id,estado,fecha,cliente_id,servicio_id) VALUE (4,2,now(),17,3);
INSERT INTO suturno_turno(id,estado,fecha,cliente_id,servicio_id) VALUE (5,0,now(),11,1);
INSERT INTO suturno_turno(id,estado,fecha,cliente_id,servicio_id) VALUE (6,0,now(),11,1);
INSERT INTO suturno_turno(id,estado,fecha,cliente_id,servicio_id) VALUE (7,0,now(),8,4);
INSERT INTO suturno_turno(id,estado,fecha,cliente_id,servicio_id) VALUE (8,0,now(),15,5);
INSERT INTO suturno_turno(id,estado,fecha,cliente_id,servicio_id) VALUE (9,0,now(),16,3);
INSERT INTO suturno_turno(id,estado,fecha,cliente_id,servicio_id) VALUE (10,0,now(),11,1);
